product_type,count
Mens T-Shirt,4430
Mens Shorts,3323
Womens Leggings,2878
Womens Shorts,2691
Womens Sports Bras,2506
Womens T-Shirt,2363
Womens Crop Tops,1767
Mens Ss Tops,1581
Mens Hoodie,1480
Accessories,1273
Mens Pullovers,1227
Mens Tank,1188
Womens Pullovers,1167
Womens Tank,1137
Womens Sports Bra,954
Mens Sleeveless Tops,933
Mens Pants,883
Womens Pants,851
Mens Long Sleeve Top,822
Mens Bottoms,800
Womens Underwear,792
Womens Ss Tops,761
Womens Hoodie,739
Womens Bottoms,591
Womens Long Sleeve Top,585
Mens Joggers,579
Mens Stringer,565
Womens Sleeveless Tops,472
Womens Jackets / Outerwear,454
Mens Ls Tops,405
Socks,384
Mens Underwear,360
Womens Crop Top,358
Womens Ls Tops,357
Womens Pullover,333
Mens Pullover,303
Womens One Pieces,261
Mens Jackets / Outerwear,252
Womens Vest,201
Mens Baselayer,174
Mens Drop Armhole Tank,160
Womens Hoodies,156
Womens Jacket,132
Footwear,115
Mens Jacket,103
footwear,91
Womens Swimwear,84
Womens Tanks,53
Womens Jackets,44
Underwear,42
Womens Sleeveless Top,41
Bags,40
Womens Dress,39
Headwear,36
Mens Swimwear,35
Ss Tops,35
mens T-Shirt,35
Womens One Piece,32
Mens Tops,28
womens Socks,27
Bottles,27
womens Accessories,22
Womens Skort,19
unisex Pants,14
Misc.,14
Pants,14
Pullovers,14
Mens Shirt,14
Mens Leggings,14
Mens Outerwear,14
Womens Bodysuit,13
Bag,12
Equipment,11
womens Bags,9
mens unisex Bottoms,7
mens unisex Pullovers,7
Womens tank,7
Womens,7
Womens Sweater,7
mens Ss Tops,7
womens Shorts,7
Mens t,7
Womens swe,7
Mens Jackets,7
Mens Sleeveless T-Shirt,7
womens Headwear,6
Womens Socks,6
Womens Hoodies and Jackets,6
Mens Sweater,5
Gift Card,4
